site,terrain,plot_type,Y,X,n_spruce,plot_area_m2
FoxLake,SW_Facing,Regen,6795420.856,472007.2212,25,50.0144692
FoxLake,SW_Facing,Quick,6795423.85,471999.0996,0,40
FoxLake,SW_Facing,Quick,6795428.11,471990.0523,0,40
FoxLake,SW_Facing,Quick,6795429.001,472007.294,16,40
FoxLake,SW_Facing,Quick,6795432.37,471981.005,0,40
FoxLake,SW_Facing,Quick,6795436.63,471971.9577,9,40
FoxLake,SW_Facing,Quick,6795439.001,472007.3155,6,40
FoxLake,SW_Facing,Quick,6795440.89,471962.9104,24,40
FoxLake,SW_Facing,Quick,6795445.149,471953.8631,211,40
FoxLake,SW_Facing,Quick,6795449.001,472007.3371,3,40
FoxLake,SW_Facing,Quick,6795449.409,471944.8158,19,40
FoxLake,SW_Facing,Quick,6795453.669,471935.7686,2,40
FoxLake,SW_Facing,Quick,6795457.929,471926.7213,0,40
FoxLake,SW_Facing,Quick,6795459.001,472007.3586,9,40
FoxLake,SW_Facing,Quick,6795462.189,471917.674,15,40
FoxLake,SW_Facing,Quick,6795466.449,471908.6267,7,40
FoxLake,SW_Facing,Quick,6795469.001,472007.3801,12,40
FoxLake,SW_Facing,Quick,6795470.709,471899.5794,25,40
FoxLake,SW_Facing,Quick,6795474.969,471890.5321,7,40
FoxLake,SW_Facing,Quick,6795479.001,472007.4016,42,40
FoxLake,SW_Facing,Quick,6795479.229,471881.4848,58,40
FoxLake,SW_Facing,Regen,6795481.758,471874.8612,42,50.0144692
FoxLake,SW_Facing,Regen,6795486.564,471988.018,7,50.0144692
FoxLake,SW_Facing,Quick,6795489.001,472007.4232,4,40
FoxLake,SW_Facing,Quick,6795496.404,471987.6258,0,40
FoxLake,SW_Facing,Quick,6795499.001,472007.4447,0,40
FoxLake,SW_Facing,Quick,6795506.218,471985.7062,96,40
FoxLake,SW_Facing,Quick,6795516.032,471983.7865,12,40
FoxLake,SW_Facing,Quick,6795525.846,471981.8669,0,40
FoxLake,SW_Facing,Regen,6795541.223,471979.737,0,50.0144692
FoxLake,SW_Facing,Quick,6795541.3,471973.763,0,40
FoxLake,SW_Facing,Quick,6795548.406,471966.7274,0,40
FoxLake,SW_Facing,Quick,6795555.513,471959.6918,0,40
FoxLake,SW_Facing,Quick,6795562.619,471952.6562,9,40
FoxLake,SW_Facing,Quick,6795569.725,471945.6207,21,40
FoxLake,SW_Facing,Quick,6795618.747,471665.3115,28,40
FoxLake,SW_Facing,Regen,6795620.128,471666.9988,25,12.56637061
FoxLake,SW_Facing,Quick,6795622.516,471656.0492,195,40
FoxLake,SW_Facing,Quick,6795626.286,471646.7869,6,40
FoxLake,SW_Facing,Quick,6795626.99,471668.8984,39,40
FoxLake,SW_Facing,Quick,6795630.055,471637.5247,7,40
FoxLake,SW_Facing,Quick,6795633.825,471628.2624,13,40
FoxLake,SW_Facing,Quick,6795636.437,471672.179,26,40
FoxLake,SW_Facing,Regen,6795637.876,471618.7742,19,50.26548246
FoxLake,SW_Facing,Quick,6795645.883,471675.4595,50,40
FoxLake,SW_Facing,Quick,6795651.975,471919.0523,0,40
FoxLake,SW_Facing,Regen,6795652.583,471902.162,3,50.26548246
FoxLake,SW_Facing,Quick,6795652.743,471909.0818,16,40
FoxLake,SW_Facing,Quick,6795653.511,471899.1114,20,40
FoxLake,SW_Facing,Quick,6795654.28,471889.1409,11,40
FoxLake,SW_Facing,Quick,6795655.048,471879.1705,1,40
FoxLake,SW_Facing,Quick,6795655.33,471678.7401,137,40
FoxLake,SW_Facing,Quick,6795655.816,471869.2,2,40
FoxLake,SW_Facing,Quick,6795656.584,471859.2296,2,40
FoxLake,SW_Facing,Quick,6795657.352,471849.2591,2,40
FoxLake,SW_Facing,Quick,6795658.12,471839.2887,5,40
FoxLake,SW_Facing,Quick,6795658.348,471821.7836,54,40
FoxLake,SW_Facing,Regen,6795658.873,471819.9881,5,50.26548246
FoxLake,SW_Facing,Quick,6795658.889,471829.3182,2,40
FoxLake,SW_Facing,Quick,6795664.777,471682.0206,160,40
FoxLake,SW_Facing,Quick,6795664.853,471814.189,33,40
FoxLake,SW_Facing,Quick,6795671.359,471806.5945,15,40
FoxLake,SW_Facing,Quick,6795674.223,471685.3012,237,40
FoxLake,SW_Facing,Quick,6795677.864,471799,0,40
FoxLake,SW_Facing,Regen,6795683.59,471792.0325,6,50.26548246
FoxLake,SW_Facing,Quick,6795683.67,471688.5817,29,40
FoxLake,SW_Facing,Quick,6795683.844,471791.186,8,40
FoxLake,SW_Facing,Quick,6795685.104,471781.2657,18,40
FoxLake,SW_Facing,Quick,6795686.365,471771.3455,0,40
FoxLake,SW_Facing,Quick,6795687.625,471761.4252,0,40
FoxLake,SW_Facing,Quick,6795688.885,471751.505,0,40
FoxLake,SW_Facing,Quick,6795690.146,471741.5847,0,40
FoxLake,SW_Facing,Quick,6795691.406,471731.6645,1,40
FoxLake,SW_Facing,Quick,6795692.667,471721.7442,7,40
FoxLake,SW_Facing,Quick,6795693.116,471691.8623,17,40
FoxLake,SW_Facing,Quick,6795693.927,471711.824,3,40
FoxLake,SW_Facing,Quick,6795695.187,471701.9037,5,40
FoxLake,SW_Facing,Regen,6795696.841,471694.6168,7,50.26548246
FoxLake,SW_Facing,Quick,6795702.563,471695.1428,47,40
FoxLake,Lowland,Regen,6796705.89,470271.8757,109,5.147185404
FoxLake,Lowland,Regen,6796734.021,470172.1602,116,5.147185404
FoxLake,Lowland,Regen,6796735.229,470044.0042,218,5.147185404
FoxLake,Lowland,Regen,6796742.502,469974.3548,18,5.147185404
FoxLake,Lowland,Regen,6796746.995,470029.8475,56,12.56637061
FoxLake,Lowland,Regen,6796751.369,470263.3934,7,24.98320142
FoxLake,Lowland,Regen,6796754.789,469916.7196,15,5.147185404
FoxLake,Lowland,Regen,6796755.303,470203.6839,19,24.98320142
FoxLake,Lowland,Regen,6796761.148,470134.7407,2,50.0144692
FoxLake,Lowland,Regen,6796766.3,470057.4358,3,50.0144692
FoxLake,Lowland,Regen,6796777.082,469974.8894,4,24.98320142
FoxLake,Lowland,Regen,6796792.986,470220.2865,4,50.0144692
FoxLake,Lowland,Regen,6796798.097,469912.0494,1,50.0144692
FoxLake,Lowland,Quick,6796798.223,469912.695,2,40
FoxLake,Lowland,Quick,6796799.981,469903.2488,1,40
FoxLake,Lowland,Quick,6796800.139,469922.5097,2,40
FoxLake,Lowland,Quick,6796802.056,469932.3244,0,40
FoxLake,Lowland,Quick,6796802.074,469893.4703,0,40
FoxLake,Lowland,Quick,6796803.972,469942.1391,1,40
FoxLake,Lowland,Quick,6796804.167,469883.6917,0,40
FoxLake,Lowland,Quick,6796805.888,469951.9538,0,40
FoxLake,Lowland,Quick,6796806.26,469873.9132,0,40
FoxLake,Lowland,Regen,6796807.613,469960.787,0,50.0144692
FoxLake,Lowland,Quick,6796807.969,469964.6357,0,40
FoxLake,Lowland,Regen,6796808.133,469935.0403,6,50.0144692
FoxLake,Lowland,Quick,6796808.353,469864.1347,0,40
FoxLake,Lowland,Regen,6796808.789,469862.0981,0,50.0144692
FoxLake,Lowland,Quick,6796808.89,469974.5932,2,40
FoxLake,Lowland,Regen,6796809.105,470139.8471,1,50.0144692
FoxLake,Lowland,Quick,6796809.812,469984.5506,48,40
FoxLake,Lowland,Regen,6796810.23,469991.9718,23,50.0144692
FoxLake,Lowland,Quick,6796810.733,469994.5081,0,40
FoxLake,Lowland,Quick,6796810.821,469999.4375,0,40
FoxLake,Lowland,Quick,6796811.654,470004.4656,0,40
FoxLake,Lowland,Quick,6796812.001,470009.3677,0,40
FoxLake,Lowland,Regen,6796812.484,470013.4273,0,50.0144692
FoxLake,Lowland,Regen,6796812.759,470002.174,0,12.56637061
FoxLake,Lowland,Quick,6796813.181,470019.2978,0,40
FoxLake,Lowland,Quick,6796814.361,470029.2279,1,40
FoxLake,Lowland,Quick,6796815.541,470039.158,0,40
FoxLake,Lowland,Regen,6796815.577,470065.4859,0,50.0144692
FoxLake,Lowland,Regen,6796816.603,470048.0951,1,50.0144692
FoxLake,Lowland,Quick,6796822.691,469875.0494,10,40
FoxLake,Lowland,Regen,6796825.41,469991.3327,0,12.56637061
FoxLake,Lowland,Quick,6796830.008,469881.8658,20,40
FoxLake,Lowland,Quick,6796837.325,469888.6822,2,40
FoxLake,Lowland,Quick,6796844.641,469895.4986,38,40
FoxLake,Lowland,Regen,6796845.673,469896.46,28,50.0144692
FoxLake,Lowland,Regen,6796846.445,470171.6058,0,50.0144692
FoxLake,Lowland,Quick,6796848.507,469905.0021,10,40
FoxLake,Lowland,Quick,6796848.644,470165.9686,0,40
FoxLake,Lowland,Quick,6796851.656,469914.4933,0,40
FoxLake,Lowland,Regen,6796851.827,470009.4044,0,50.0144692
FoxLake,Lowland,Quick,6796852.278,470156.6524,0,40
FoxLake,Lowland,Quick,6796853.432,470018.2601,0,40
FoxLake,Lowland,Quick,6796853.667,470001.4061,0,40
FoxLake,Lowland,Quick,6796854.503,470167.597,0,40
FoxLake,Lowland,Quick,6796854.806,469923.9845,1,40
FoxLake,Lowland,Quick,6796855.216,470028.0998,0,40
FoxLake,Lowland,Quick,6796855.908,469991.6605,0,40
FoxLake,Lowland,Quick,6796855.913,470147.3362,0,40
FoxLake,Lowland,Quick,6796856.999,470037.9395,0,40
FoxLake,Lowland,Quick,6796857.955,469933.4758,0,40
FoxLake,Lowland,Quick,6796858.149,469981.9149,0,40
FoxLake,Lowland,Quick,6796858.783,470047.7791,0,40
FoxLake,Lowland,Quick,6796859.547,470138.0201,0,40
FoxLake,Lowland,Quick,6796860.391,469972.1693,0,40
FoxLake,Lowland,Quick,6796860.566,470057.6188,0,40
FoxLake,Lowland,Quick,6796861.104,469942.967,0,40
FoxLake,Lowland,Regen,6796861.919,470065.0832,0,50.0144692
FoxLake,Lowland,Quick,6796862.632,469962.4237,0,40
FoxLake,Lowland,Quick,6796862.655,470074.053,0,40
FoxLake,Lowland,Quick,6796863.181,470128.7039,0,40
FoxLake,Lowland,Quick,6796863.456,470163.1428,0,40
FoxLake,Lowland,Quick,6796863.473,470084.0195,0,40
FoxLake,Lowland,Quick,6796864.291,470093.986,0,40
FoxLake,Lowland,Regen,6796864.649,469953.6527,0,24.98320142
FoxLake,Lowland,Quick,6796865.109,470103.9525,0,40
FoxLake,Lowland,Quick,6796865.927,470113.919,0,40
FoxLake,Lowland,Regen,6796866.452,470120.3193,0,50.0144692
FoxLake,Lowland,Quick,6796872.409,470158.6885,0,40
FoxLake,Lowland,Quick,6796881.362,470154.2343,0,40
FoxLake,Lowland,Regen,6796883.495,470048.1213,0,12.56637061
FoxLake,Lowland,Quick,6796890.315,470149.78,0,40
FoxLake,Lowland,Regen,6796893.621,469909.0948,0,50.0144692
FoxLake,Lowland,Quick,6796898.663,469916.8463,0,40
FoxLake,Lowland,Quick,6796902.569,469910.0609,0,40
FoxLake,Lowland,Quick,6796904.115,469925.2294,0,40
FoxLake,Lowland,Quick,6796909.567,469933.6125,0,40
FoxLake,Lowland,Quick,6796912.512,469911.1343,0,40
FoxLake,Lowland,Quick,6796915.018,469941.9956,0,40
FoxLake,Lowland,Regen,6796919.35,469983.7175,0,12.56637061
FoxLake,Lowland,Regen,6796919.977,470135.0235,0,50.0144692
FoxLake,Lowland,Quick,6796920.47,469950.3787,0,40
FoxLake,Lowland,Quick,6796921.327,470126.1254,0,40
FoxLake,Lowland,Regen,6796921.559,470016.7416,0,50.0144692
FoxLake,Lowland,Quick,6796922.142,470007.7605,0,40
FoxLake,Lowland,Quick,6796922.454,469912.2078,1,40
FoxLake,Lowland,Quick,6796922.79,469997.7815,0,40
FoxLake,Lowland,Quick,6796922.828,470116.2386,0,40
FoxLake,Lowland,Quick,6796923.437,469987.8026,0,40
FoxLake,Lowland,Quick,6796924.085,469977.8236,0,40
FoxLake,Lowland,Quick,6796924.329,470106.3519,0,40
FoxLake,Lowland,Quick,6796924.733,469967.8446,0,40
FoxLake,Lowland,Regen,6796925.377,469957.9235,4,50.0144692
FoxLake,Lowland,Quick,6796925.829,470096.4651,0,40
FoxLake,Lowland,Regen,6796926.28,469944.3773,0,50.26548246
FoxLake,Lowland,Quick,6796927.33,470086.5784,10,40
FoxLake,Lowland,Quick,6796927.428,470027.4403,0,40
FoxLake,Lowland,Quick,6796927.722,470037.4359,4,40
FoxLake,Lowland,Quick,6796928.017,470047.4316,0,40
FoxLake,Lowland,Quick,6796928.312,470057.4272,2,40
FoxLake,Lowland,Quick,6796928.607,470067.4229,0,40
FoxLake,Lowland,Regen,6796928.872,470076.419,1,50.0144692
FoxLake,Lowland,Quick,6796932.396,469913.2812,4,40
FoxLake,Lowland,Quick,6796942.338,469914.3546,0,40
FoxLake,Lowland,Regen,6796945.283,469781.2497,5,50.0144692
FoxLake,Lowland,Quick,6796952.281,469915.4281,8,40
FoxLake,Lowland,Quick,6796962.223,469916.5015,2,40
FoxLake,Lowland,Regen,6796967.119,470061.8435,0,50.0144692
FoxLake,Lowland,Regen,6796969.219,469917.2568,0,50.0144692
FoxLake,Lowland,Quick,6796971.456,470053.9571,0,40
FoxLake,Lowland,Regen,6796972.719,469730.0942,0,50.0144692
FoxLake,Lowland,Quick,6796974.524,469924.5268,0,40
FoxLake,Lowland,Regen,6796975.192,469814.5411,3,24.98320142
FoxLake,Lowland,Quick,6796976.274,470045.1943,0,40
FoxLake,Lowland,Quick,6796980.419,469932.6045,0,40
FoxLake,Lowland,Quick,6796981.092,470036.4315,0,40
FoxLake,Lowland,Quick,6796985.91,470027.6687,0,40
FoxLake,Lowland,Quick,6796986.314,469940.6822,0,40
FoxLake,Lowland,Quick,6796990.728,470018.906,0,40
FoxLake,Lowland,Quick,6796991.869,470062.1894,20,40
FoxLake,Lowland,Quick,6796992.209,469948.76,1,40
FoxLake,Lowland,Regen,6796996.399,470008.5921,0,50.0144692
FoxLake,Lowland,Quick,6796998.104,469956.8377,0,40
FoxLake,Lowland,Regen,6796999.43,469964.6114,1,12.56637061
FoxLake,Lowland,Quick,6797001.868,470062.3292,0,40
FoxLake,Lowland,Regen,6797005.464,469782.964,19,50.0144692
FoxLake,Lowland,Quick,6797011.867,470062.4689,0,40
FoxLake,Lowland,Regen,6797019.001,469947.9471,5,50.0144692
FoxLake,Lowland,Quick,6797021.186,469956.6778,0,40
FoxLake,Lowland,Quick,6797021.866,470062.6087,0,40
FoxLake,Lowland,Quick,6797023.614,469966.3787,0,40
FoxLake,Lowland,Quick,6797026.041,469976.0796,0,40
FoxLake,Lowland,Regen,6797026.252,469843.1916,5,9.953822164
FoxLake,Lowland,Regen,6797027.224,469901.6501,73,9.953822164
FoxLake,Lowland,Regen,6797027.344,469787.1051,1,12.56637061
FoxLake,Lowland,Regen,6797028.341,469907.5751,19,12.56637061
FoxLake,Lowland,Quick,6797028.469,469985.7805,0,40
FoxLake,Lowland,Regen,6797029.156,469815.1577,1,50.26548246
FoxLake,Lowland,Regen,6797030.246,469808.8784,2,50.26548246
FoxLake,Lowland,Regen,6797030.893,469902.8992,34,12.56637061
FoxLake,Lowland,Quick,6797030.896,469995.4813,0,40
FoxLake,Lowland,Quick,6797031.865,470062.7484,5,40
FoxLake,Lowland,Regen,6797033.292,470005.0558,7,50.0144692
FoxLake,Lowland,Quick,6797034.461,470013.9796,3,40
FoxLake,Lowland,Quick,6797035.759,470023.8949,9,40
FoxLake,Lowland,Regen,6797036.045,469832.6082,14,50.0144692
FoxLake,Lowland,Quick,6797037.058,470033.8103,4,40
FoxLake,Lowland,Regen,6797037.326,469894.2446,4,12.56637061
FoxLake,Lowland,Quick,6797038.356,470043.7256,3,40
FoxLake,Lowland,Quick,6797039.655,470053.6409,17,40
FoxLake,Lowland,Regen,6797040.864,470062.8742,0,50.0144692
FoxLake,Lowland,Regen,6797046.5,469831.9345,2,50.26548246
FoxLake,Lowland,Regen,6797048.911,469900.0331,7,12.56637061
FoxLake,Lowland,Regen,6797056.36,469715.1159,0,12.56637061
FoxLake,Lowland,Regen,6797067.372,469911.6819,65,12.56637061
FoxLake,Lowland,Regen,6797081.503,469738.0295,0,50.26548246
FoxLake,Lowland,Regen,6797083.011,469893.2772,34,12.56637061
FoxLake,Lowland,Regen,6797084.741,469839.8224,5,12.56637061
FoxLake,Lowland,Regen,6797098.677,469719.3764,0,50.26548246
FoxLake,Lowland,Regen,6797110.731,469725.8497,6,12.56637061
FoxLake,Lowland,Regen,6797131.684,469803.6045,1,12.56637061
FoxLake,Lowland,Regen,6797131.747,469729.2669,3,50.26548246
FoxLake,Lowland,Regen,6797134.824,469807.3876,3,50.0144692
FoxLake,Lowland,Regen,6797138.354,469501.7464,0,12.56637061
FoxLake,Lowland,Regen,6797147.985,469515.1574,0,12.56637061
FoxLake,Lowland,Regen,6797149.672,469814.7888,4,12.56637061
FoxLake,Lowland,Regen,6797151.179,469840.4541,4,12.56637061
FoxLake,Lowland,Regen,6797158.543,469743.3775,4,12.56637061
FoxLake,Lowland,Regen,6797164.004,469670.1426,0,50.26548246
FoxLake,Lowland,Regen,6797168.753,469840.1878,3,12.56637061
FoxLake,Lowland,Regen,6797172.285,469769.4491,11,50.0144692
FoxLake,Lowland,Regen,6797173.068,469828.0926,2,12.56637061
FoxLake,Lowland,Regen,6797173.835,469819.2396,2,12.56637061
FoxLake,Lowland,Quick,6797179.872,469764.6082,0,40
FoxLake,Lowland,Quick,6797188.302,469759.2294,3,40
FoxLake,Lowland,Regen,6797194.074,469578.3366,0,12.56637061
FoxLake,Lowland,Quick,6797196.732,469753.8507,0,40
FoxLake,Lowland,Regen,6797205.033,469596.8366,0,50.26548246
FoxLake,Lowland,Quick,6797205.163,469748.4719,0,40
FoxLake,Lowland,Quick,6797213.593,469743.0931,1,40
FoxLake,Lowland,Regen,6797222.918,469737.1435,0,50.0144692
FoxLake,Lowland,Quick,6797230.958,469733.0985,0,40
FoxLake,Lowland,Quick,6797239.891,469728.6041,5,40
FoxLake,Lowland,Quick,6797248.824,469724.1098,3,40
FoxLake,Lowland,Quick,6797257.757,469719.6154,0,40
FoxLake,Lowland,Quick,6797278.163,469712.4808,3,40
FoxLake,Lowland,Regen,6797280.25,469712.1654,3,50.0144692
FoxLake,Lowland,Quick,6797289.235,469711.65,0,40
FoxLake,Lowland,Quick,6797299.219,469711.0774,0,40
FoxLake,Lowland,Quick,6797309.202,469710.5048,0,40
FoxLake,Lowland,Quick,6797319.186,469709.9322,0,40
FoxLake,Lowland,Quick,6797329.169,469709.3596,1,40
FoxLake,Lowland,Regen,6797336.626,469708.932,1,50.0144692
FoxLake,Lowland,Quick,6797345.581,469708.0321,3,40
FoxLake,Lowland,Quick,6797355.531,469707.0322,0,40
FoxLake,Lowland,Quick,6797365.48,469706.0323,6,40
FoxLake,Lowland,Regen,6797373.322,469592.5676,0,50.0144692
FoxLake,Lowland,Quick,6797374.556,469599.2982,0,40
FoxLake,Lowland,Quick,6797375.43,469705.0324,1,40
FoxLake,Lowland,Quick,6797376.36,469609.1341,0,40
FoxLake,Lowland,Quick,6797378.164,469618.9701,0,40
FoxLake,Lowland,Quick,6797379.969,469628.806,1,40
FoxLake,Lowland,Quick,6797381.773,469638.6419,0,40
FoxLake,Lowland,Quick,6797382.218,469593.9317,0,40
FoxLake,Lowland,Regen,6797383.396,469647.4942,0,50.0144692
FoxLake,Lowland,Quick,6797384.882,469655.0529,1,40
FoxLake,Lowland,Quick,6797385.38,469704.0325,0,40
FoxLake,Lowland,Quick,6797386.811,469664.8652,0,40
FoxLake,Lowland,Quick,6797388.74,469674.6774,0,40
FoxLake,Lowland,Quick,6797390.668,469684.4896,0,40
FoxLake,Lowland,Quick,6797392.102,469595.4474,3,40
FoxLake,Lowland,Quick,6797392.597,469694.3018,0,40
FoxLake,Lowland,Regen,6797394.333,469703.1328,0,50.0144692
FoxLake,Lowland,Quick,6797401.987,469596.9631,0,40
FoxLake,Lowland,Quick,6797411.871,469598.4787,0,40
FoxLake,Lowland,Quick,6797421.756,469599.9944,0,40
FoxLake,Lowland,Regen,6797430.958,469601.4054,5,50.0144692
FoxLake,Lowland,Quick,6798525.89,466798.1999,0,40
FoxLake,Lowland,Quick,6798527.812,466788.3862,1,40
FoxLake,Lowland,Quick,6798529.733,466778.5725,1,40
FoxLake,Lowland,Quick,6798530.459,466814.3081,1,40
FoxLake,Lowland,Quick,6798531.654,466768.7589,0,40
FoxLake,Lowland,Quick,6798533.576,466758.9452,0,40
FoxLake,Lowland,Quick,6798535.497,466749.1315,0,40
FoxLake,Lowland,Quick,6798537.419,466739.3178,0,40
FoxLake,Lowland,Quick,6798537.686,466821.2195,1,40
FoxLake,Lowland,Quick,6798539.34,466729.5042,1,40
FoxLake,Lowland,Quick,6798541.261,466719.6905,4,40
FoxLake,Lowland,Quick,6798543.183,466709.8768,0,40
FoxLake,Lowland,Quick,6798544.913,466828.1309,1,40
FoxLake,Lowland,Regen,6798545.367,466699.7967,5,50.0144692
FoxLake,Lowland,Quick,6798552.14,466835.0423,1,40
FoxLake,Lowland,Quick,6798553.576,466702.886,4,40
FoxLake,Lowland,Quick,6798559.368,466841.9537,0,40
FoxLake,Lowland,Quick,6798563.358,466704.965,0,40
FoxLake,Lowland,Quick,6798566.595,466848.8651,0,40
FoxLake,Lowland,Quick,6798573.139,466707.044,0,40
FoxLake,Lowland,Quick,6798582.921,466709.123,0,40
FoxLake,Lowland,Quick,6798592.702,466711.202,1,40
FoxLake,Lowland,Quick,6798602.484,466713.281,1,40
FoxLake,Lowland,Quick,6798612.265,466715.36,0,40
FoxLake,Lowland,Quick,6798622.047,466717.439,0,40
FoxLake,Lowland,Quick,6798631.828,466719.518,0,40
FoxLake,Lowland,Quick,6798641.61,466721.597,0,40
FoxLake,Lowland,Quick,6798648.046,466722.7865,0,40
FoxLake,Lowland,Regen,6798649.554,466722.9553,1,50.0144692
FoxLake,Lowland,Quick,6798657.656,466725.5534,0,40
FoxLake,Lowland,Quick,6798661.806,467114.8256,0,40
FoxLake,Lowland,Regen,6798666.308,467078.9494,1,50.26548246
FoxLake,Lowland,Quick,6798667.265,466728.3203,0,40
FoxLake,Lowland,Quick,6798667.441,467084.1497,4,40
FoxLake,Lowland,Quick,6798668.269,467094.1154,0,40
FoxLake,Lowland,Quick,6798668.986,467069.9573,1,40
FoxLake,Lowland,Quick,6798669.097,467104.0811,2,40
FoxLake,Lowland,Quick,6798669.15,467121.6126,0,40
FoxLake,Lowland,Regen,6798669.526,466959.451,0,50.26548246
FoxLake,Lowland,Quick,6798669.924,467114.0468,0,40
FoxLake,Lowland,Quick,6798670.959,466967.0131,0,40
FoxLake,Lowland,Regen,6798670.994,467122.7111,2,50.26548246
FoxLake,Lowland,Quick,6798671.201,467060.2057,0,40
FoxLake,Lowland,Quick,6798673.11,466976.7789,0,40
FoxLake,Lowland,Quick,6798673.416,467050.4542,0,40
FoxLake,Lowland,Quick,6798675.262,466986.5447,1,40
FoxLake,Lowland,Quick,6798675.631,467040.7027,0,40
FoxLake,Lowland,Quick,6798676.494,467128.3996,0,40
FoxLake,Lowland,Quick,6798676.875,466731.0872,0,40
FoxLake,Lowland,Quick,6798677.413,466996.3105,0,40
FoxLake,Lowland,Quick,6798677.847,467030.9511,4,40
FoxLake,Lowland,Quick,6798679.565,467006.0763,1,40
FoxLake,Lowland,Quick,6798680.062,467021.1996,0,40
FoxLake,Lowland,Regen,6798681.344,467015.1291,3,50.26548246
FoxLake,Lowland,Quick,6798683.839,467135.1866,0,40
FoxLake,Lowland,Quick,6798686.484,466733.8541,1,40
FoxLake,Lowland,Quick,6798691.183,467141.9736,0,40
FoxLake,Lowland,Quick,6798696.094,466736.621,0,40
FoxLake,Lowland,Quick,6798698.527,467148.7606,0,40
FoxLake,Lowland,Quick,6798705.704,466739.3879,0,40
FoxLake,Lowland,Quick,6798705.871,467155.5476,0,40
FoxLake,Lowland,Quick,6798713.215,467162.3346,1,40
FoxLake,Lowland,Quick,6798715.313,466742.1548,0,40
FoxLake,Lowland,Quick,6798720.559,467169.1216,1,40
FoxLake,Lowland,Quick,6798724.923,466744.9217,0,40
FoxLake,Lowland,Quick,6798727.904,467175.9086,0,40
FoxLake,Lowland,Quick,6798734.402,467181.7364,7,40
FoxLake,Lowland,Quick,6798734.532,466747.6886,0,40
FoxLake,Lowland,Regen,6798734.692,467182.3666,4,50.26548246
FoxLake,Lowland,Quick,6798738.083,467191.0346,2,40
FoxLake,Lowland,Quick,6798741.763,467200.3327,1,40
FoxLake,Lowland,Quick,6798744.142,466750.4556,0,40
FoxLake,Lowland,Quick,6798745.443,467209.6309,1,40
FoxLake,Lowland,Quick,6798746.688,467215.1864,0,40
FoxLake,Lowland,Regen,6798748.667,467217.4764,3,50.26548246
FoxLake,Lowland,Quick,6798752.61,467223.2443,2,40
FoxLake,Lowland,Quick,6798753.752,466753.2225,0,40
FoxLake,Lowland,Quick,6798758.532,467231.3022,0,40
FoxLake,Lowland,Regen,6798760.1,466756.0589,0,50.0144692
FoxLake,Lowland,Quick,6798764.454,467239.3601,0,40
FoxLake,Lowland,Quick,6798770.376,467247.418,0,40
FoxLake,Lowland,Quick,6798775.332,466756.7683,1,40
FoxLake,Lowland,Quick,6798776.298,467255.4759,0,40
FoxLake,Lowland,Quick,6798782.22,467263.5338,3,40
FoxLake,Lowland,Quick,6798785.299,466757.5818,1,40
FoxLake,Lowland,Quick,6798788.142,467271.5917,0,40
FoxLake,Lowland,Quick,6798794.064,467279.6496,1,40
FoxLake,Lowland,Quick,6798795.266,466758.3954,0,40
FoxLake,Lowland,Quick,6798798.766,467287.6672,0,40
FoxLake,Lowland,Regen,6798799.185,467286.7659,3,50.26548246
FoxLake,Lowland,Quick,6798805.11,467279.937,0,40
FoxLake,Lowland,Quick,6798805.233,466759.2089,0,40
FoxLake,Lowland,Quick,6798811.453,467272.2069,0,40
FoxLake,Lowland,Quick,6798815.2,466760.0225,0,40
FoxLake,Lowland,Quick,6798817.797,467264.4767,1,40
FoxLake,Lowland,Quick,6798819.818,467261.302,0,40
FoxLake,Lowland,Regen,6798823.617,467257.194,0,50.26548246
FoxLake,Lowland,Quick,6798825.167,466760.8361,0,40
FoxLake,Lowland,Quick,6798826.8,467254.1428,0,40
FoxLake,Lowland,Quick,6798833.781,467246.9835,0,40
FoxLake,Lowland,Quick,6798835.133,466761.6496,0,40
FoxLake,Lowland,Quick,6798840.763,467239.8243,0,40
FoxLake,Lowland,Quick,6798845.1,466762.4632,0,40
FoxLake,Lowland,Quick,6798847.745,467232.665,0,40
FoxLake,Lowland,Regen,6798854.45,466980.8681,0,50.0144692
FoxLake,Lowland,Quick,6798854.727,467225.5058,0,40
FoxLake,Lowland,Quick,6798855.067,466763.2767,0,40
FoxLake,Lowland,Quick,6798856.452,466990.6709,0,40
FoxLake,Lowland,Quick,6798856.55,467000.6705,0,40
FoxLake,Lowland,Regen,6798856.619,467059.7057,0,50.0144692
FoxLake,Lowland,Quick,6798856.648,467010.67,0,40
FoxLake,Lowland,Quick,6798856.746,467020.6695,1,40
FoxLake,Lowland,Quick,6798856.844,467030.669,0,40
FoxLake,Lowland,Quick,6798856.942,467040.6685,0,40
FoxLake,Lowland,Quick,6798857.04,467050.6681,1,40
FoxLake,Lowland,Regen,6798860.501,467220.1098,1,50.26548246
FoxLake,Lowland,Quick,6798861.363,466973.3473,0,40
FoxLake,Lowland,Quick,6798865.034,466764.0903,0,40
FoxLake,Lowland,Quick,6798865.961,467228.1328,1,40
FoxLake,Lowland,Quick,6798866.926,466965.038,0,40
FoxLake,Lowland,Quick,6798870.752,467236.9104,0,40
FoxLake,Lowland,Quick,6798872.49,466956.7288,0,40
FoxLake,Lowland,Regen,6798872.626,467248.412,0,50.26548246
FoxLake,Lowland,Regen,6798873.079,466763.9006,0,50.0144692
FoxLake,Lowland,Quick,6798878.054,466948.4195,0,40
FoxLake,Lowland,Quick,6798878.371,467145.4374,0,40
FoxLake,Lowland,Quick,6798879.923,466770.5582,0,40
FoxLake,Lowland,Quick,6798880.776,467155.1441,0,40
FoxLake,Lowland,Quick,6798883.18,467164.8508,1,40
FoxLake,Lowland,Quick,6798883.618,466940.1103,0,40
FoxLake,Lowland,Regen,6798886.182,467174.7325,0,50.0144692
FoxLake,Lowland,Quick,6798887.104,466777.5173,0,40
FoxLake,Lowland,Quick,6798889.182,466931.801,0,40
FoxLake,Lowland,Quick,6798894.286,466784.4764,0,40
FoxLake,Lowland,Quick,6798894.746,466923.4918,0,40
FoxLake,Lowland,Quick,6798900.31,466915.1825,0,40
FoxLake,Lowland,Quick,6798901.467,466791.4355,1,40
FoxLake,Lowland,Quick,6798905.873,466906.8733,0,40
FoxLake,Lowland,Quick,6798908.648,466798.3946,0,40
FoxLake,Lowland,Quick,6798911.437,466898.564,0,40
FoxLake,Lowland,Quick,6798915.829,466805.3537,0,40
FoxLake,Lowland,Quick,6798917.001,466890.2548,0,40
FoxLake,Lowland,Quick,6798922.565,466881.9456,1,40
FoxLake,Lowland,Quick,6798923.011,466812.3128,1,40
FoxLake,Lowland,Quick,6798928.129,466873.6363,0,40
FoxLake,Lowland,Quick,6798930.192,466819.2719,0,40
FoxLake,Lowland,Quick,6798937.373,466826.231,1,40
FoxLake,Lowland,Quick,6798944.555,466833.1901,0,40
FoxLake,Lowland,Regen,6798951.33,466840.0395,1,50.0144692
FoxLake,NE_Facing,Regen,6802075.444,463714.7366,8,12.56637061
FoxLake,NE_Facing,Quick,6802084.664,463714.2329,11,40
FoxLake,NE_Facing,Quick,6802094.522,463715.9129,13,40
FoxLake,NE_Facing,Regen,6802095.821,463638.0669,2,50.0144692
FoxLake,NE_Facing,Quick,6802102.773,463632.957,0,40
FoxLake,NE_Facing,Quick,6802104.38,463717.5929,4,40
FoxLake,NE_Facing,Quick,6802110.387,463626.4737,2,40
FoxLake,NE_Facing,Regen,6802112.061,463490.206,9,50.0144692
FoxLake,NE_Facing,Quick,6802113.268,463498.5639,8,40
FoxLake,NE_Facing,Quick,6802114.238,463719.2729,6,40
FoxLake,NE_Facing,Quick,6802114.959,463508.4199,6,40
FoxLake,NE_Facing,Quick,6802116.65,463518.276,2,40
FoxLake,NE_Facing,Regen,6802116.863,463719.366,2,50.26548246
FoxLake,NE_Facing,Quick,6802117.812,463484.2962,8,40
FoxLake,NE_Facing,Quick,6802118,463619.9904,1,40
FoxLake,NE_Facing,Quick,6802118.34,463528.132,9,40
FoxLake,NE_Facing,Quick,6802120.031,463537.988,3,40
FoxLake,NE_Facing,Quick,6802120.323,463728.691,1,40
FoxLake,NE_Facing,Regen,6802121.71,463546.0911,7,50.0144692
FoxLake,NE_Facing,Quick,6802122.69,463738.4067,5,40
FoxLake,NE_Facing,Quick,6802124.271,463476.6619,20,40
FoxLake,NE_Facing,Quick,6802124.275,463554.0785,10,40
FoxLake,NE_Facing,Quick,6802125.058,463748.1224,3,40
FoxLake,NE_Facing,Quick,6802125.614,463613.5072,1,40
FoxLake,NE_Facing,Quick,6802127.802,463563.4356,0,40
FoxLake,NE_Facing,Regen,6802128.082,463760.2534,6,50.26548246
FoxLake,NE_Facing,Quick,6802130.73,463469.0276,2,40
FoxLake,NE_Facing,Quick,6802131.33,463572.7928,0,40
FoxLake,NE_Facing,Quick,6802133.227,463607.0239,4,40
FoxLake,NE_Facing,Quick,6802134.858,463582.1499,2,40
FoxLake,NE_Facing,Quick,6802136.387,463756.8765,0,40
FoxLake,NE_Facing,Quick,6802137.189,463461.3932,6,40
FoxLake,NE_Facing,Quick,6802138.385,463591.507,0,40
FoxLake,NE_Facing,Regen,6802141.506,463599.8003,0,50.0144692
FoxLake,NE_Facing,Quick,6802143.648,463453.7589,17,40
FoxLake,NE_Facing,Quick,6802145.747,463753.3575,0,40
FoxLake,NE_Facing,Regen,6802148.922,463448.4504,18,50.0144692
FoxLake,NE_Facing,Quick,6802155.108,463749.8386,1,40
FoxLake,NE_Facing,Quick,6802155.982,463446.5913,12,40
FoxLake,NE_Facing,Quick,6802164.468,463746.3196,0,40
FoxLake,NE_Facing,Quick,6802165.512,463443.5617,11,40
FoxLake,NE_Facing,Quick,6802173.829,463742.8007,2,40
FoxLake,NE_Facing,Quick,6802175.042,463440.5322,5,40
FoxLake,NE_Facing,Regen,6802182.534,463738.1333,7,50.26548246
FoxLake,NE_Facing,Quick,6802184.572,463437.5026,5,40
FoxLake,NE_Facing,Quick,6802191.67,463742.077,2,40
FoxLake,NE_Facing,Quick,6802194.102,463434.473,4,40
FoxLake,NE_Facing,Regen,6802200.494,463433.0561,10,50.0144692
FoxLake,NE_Facing,Quick,6802201.187,463745.1478,0,40
FoxLake,NE_Facing,Quick,6802203.872,463423.984,13,40
FoxLake,NE_Facing,Quick,6802207.446,463414.6444,7,40
FoxLake,NE_Facing,Quick,6802210.704,463748.2185,1,40
FoxLake,NE_Facing,Quick,6802211.019,463405.3048,17,40
FoxLake,NE_Facing,Quick,6802214.593,463395.9651,5,40
FoxLake,NE_Facing,Quick,6802218.167,463386.6255,1,40
FoxLake,NE_Facing,Quick,6802220.221,463751.2893,1,40
FoxLake,NE_Facing,Regen,6802221.101,463378.7756,9,50.0144692
FoxLake,NE_Facing,Quick,6802229.505,463382.1592,5,40
FoxLake,NE_Facing,Quick,6802229.738,463754.36,0,40
FoxLake,NE_Facing,Quick,6802238.7,463386.0891,5,40
FoxLake,NE_Facing,Quick,6802239.254,463757.4308,0,40
FoxLake,NE_Facing,Regen,6802244.537,463759.3491,6,50.26548246
FoxLake,NE_Facing,Quick,6802247.896,463390.019,16,40
FoxLake,NE_Facing,Quick,6802253.841,463756.818,5,40
FoxLake,NE_Facing,Quick,6802257.091,463393.9488,17,40
FoxLake,NE_Facing,Quick,6802263.437,463754.004,0,40
FoxLake,NE_Facing,Regen,6802265.396,463396.6626,8,50.0144692
FoxLake,NE_Facing,Quick,6802273.033,463751.1899,7,40
FoxLake,NE_Facing,Quick,6802273.133,463399.3789,1,40
FoxLake,NE_Facing,Quick,6802282.629,463748.3758,0,40
FoxLake,NE_Facing,Quick,6802282.803,463401.9275,3,40
FoxLake,NE_Facing,Quick,6802292.225,463745.5617,9,40
FoxLake,NE_Facing,Quick,6802292.472,463404.4761,0,40
FoxLake,NE_Facing,Quick,6802301.82,463742.7476,3,40
FoxLake,NE_Facing,Quick,6802302.142,463407.0247,10,40
FoxLake,NE_Facing,Quick,6802311.416,463739.9335,3,40
FoxLake,NE_Facing,Quick,6802311.812,463409.5733,0,40
FoxLake,NE_Facing,Quick,6802321.012,463737.1194,3,40
FoxLake,NE_Facing,Quick,6802321.482,463412.1219,2,40
FoxLake,NE_Facing,Quick,6802331.151,463414.6705,17,40
FoxLake,NE_Facing,Regen,6802331.89,463736.5446,4,50.26548246
FoxLake,NE_Facing,Quick,6802338.002,463738.464,1,40
FoxLake,NE_Facing,Quick,6802340.821,463417.219,12,40
FoxLake,NE_Facing,Quick,6802346.984,463742.8598,1,40
FoxLake,NE_Facing,Quick,6802350.491,463419.7676,0,40
FoxLake,NE_Facing,Quick,6802355.966,463747.2557,0,40
FoxLake,NE_Facing,Quick,6802360.161,463422.3162,2,40
FoxLake,NE_Facing,Regen,6802361.669,463750.7499,2,50.26548246
FoxLake,NE_Facing,Quick,6802367.557,463744.8875,7,40
FoxLake,NE_Facing,Regen,6802373.441,463426.6495,7,50.0144692
FoxLake,NE_Facing,Quick,6802376.444,463740.3028,4,40
FoxLake,NE_Facing,Quick,6802382.729,463425.7924,0,40
FoxLake,NE_Facing,Quick,6802385.331,463735.7182,0,40
FoxLake,NE_Facing,Quick,6802392.728,463425.6813,2,40
FoxLake,NE_Facing,Quick,6802394.218,463731.1335,2,40
FoxLake,NE_Facing,Quick,6802402.728,463425.5702,39,40
FoxLake,NE_Facing,Quick,6802403.105,463726.5488,2,40
FoxLake,NE_Facing,Quick,6802411.992,463721.9641,0,40
FoxLake,NE_Facing,Quick,6802412.727,463425.459,18,40
FoxLake,NE_Facing,Quick,6802420.879,463717.3794,0,40
FoxLake,NE_Facing,Quick,6802422.727,463425.3479,39,40
FoxLake,NE_Facing,Quick,6802429.766,463712.7947,0,40
FoxLake,NE_Facing,Quick,6802432.726,463425.2368,3,40
FoxLake,NE_Facing,Quick,6802438.653,463708.21,28,40
FoxLake,NE_Facing,Quick,6802442.725,463425.1256,2,40
FoxLake,NE_Facing,Quick,6802447.54,463703.6253,93,40
FoxLake,NE_Facing,Quick,6802452.725,463425.0145,3,40
FoxLake,NE_Facing,Quick,6802462.724,463424.9034,0,40
FoxLake,NE_Facing,Quick,6802472.723,463424.7923,13,40
FoxLake,NE_Facing,Quick,6802482.723,463424.6811,5,40
FoxLake,NE_Facing,Quick,6802492.722,463424.57,0,40
FoxLake,NE_Facing,Quick,6802502.722,463424.4589,4,40
FoxLake,NE_Facing,Regen,6802512.934,463426.4114,4,50.0144692
FoxLake,SW_Facing,Regen,6802516.912,464618.863,0,50.0144692
FoxLake,NE_Facing,Quick,6802522.452,463425.0853,11,40
FoxLake,SW_Facing,Quick,6802522.519,464628.0526,0,40
FoxLake,SW_Facing,Quick,6802524.226,464613.6818,0,40
FoxLake,SW_Facing,Quick,6802528.319,464636.1991,0,40
FoxLake,NE_Facing,Regen,6802529.591,463660.9113,0,50.26548246
FoxLake,SW_Facing,Quick,6802531.241,464606.5543,0,40
FoxLake,NE_Facing,Quick,6802532.418,463425.9141,0,40
FoxLake,SW_Facing,Quick,6802534.118,464644.3457,0,40
FoxLake,SW_Facing,Quick,6802538.255,464599.4267,0,40
FoxLake,NE_Facing,Quick,6802538.736,463660.4242,1,40
FoxLake,SW_Facing,Quick,6802539.917,464652.4922,0,40
FoxLake,NE_Facing,Quick,6802542.384,463426.743,1,40
FoxLake,SW_Facing,Quick,6802545.269,464592.2992,0,40
FoxLake,SW_Facing,Quick,6802545.717,464660.6387,0,40
FoxLake,NE_Facing,Quick,6802548.698,463659.557,2,40
FoxLake,SW_Facing,Quick,6802551.516,464668.7853,0,40
FoxLake,SW_Facing,Quick,6802552.283,464585.1716,0,40
FoxLake,NE_Facing,Quick,6802552.349,463427.5719,6,40
FoxLake,SW_Facing,Quick,6802557.316,464676.9318,0,40
FoxLake,NE_Facing,Quick,6802558.661,463658.6897,4,40
FoxLake,SW_Facing,Quick,6802559.297,464578.0441,0,40
FoxLake,NE_Facing,Quick,6802562.315,463428.4008,2,40
FoxLake,SW_Facing,Quick,6802563.115,464685.0783,0,40
FoxLake,SW_Facing,Quick,6802566.311,464570.9165,0,40
FoxLake,NE_Facing,Quick,6802568.623,463657.8225,2,40
FoxLake,SW_Facing,Quick,6802568.915,464693.2249,0,40
FoxLake,NE_Facing,Quick,6802572.28,463429.2297,36,40
FoxLake,SW_Facing,Quick,6802573.325,464563.789,0,40
FoxLake,SW_Facing,Quick,6802574.714,464701.3714,0,40
FoxLake,NE_Facing,Quick,6802578.585,463656.9553,2,40
FoxLake,SW_Facing,Regen,6802579.638,464557.3742,0,50.0144692
FoxLake,SW_Facing,Quick,6802580.514,464709.5179,1,40
FoxLake,NE_Facing,Quick,6802582.246,463430.0586,37,40
FoxLake,SW_Facing,Quick,6802585.265,464564.4013,0,40
FoxLake,SW_Facing,Quick,6802586.313,464717.6645,1,40
FoxLake,NE_Facing,Quick,6802588.548,463656.0881,13,40
FoxLake,SW_Facing,Quick,6802591.516,464572.2069,0,40
FoxLake,SW_Facing,Quick,6802592.113,464725.811,0,40
FoxLake,NE_Facing,Quick,6802592.212,463430.8874,3,40
FoxLake,SW_Facing,Quick,6802597.767,464580.0125,0,40
FoxLake,SW_Facing,Quick,6802597.912,464733.9575,0,40
FoxLake,NE_Facing,Quick,6802598.51,463655.2209,15,40
FoxLake,NE_Facing,Quick,6802600.531,463440.5736,20,40
FoxLake,NE_Facing,Regen,6802600.539,463458.2748,13,50.0144692
FoxLake,NE_Facing,Quick,6802600.605,463450.5733,9,40
FoxLake,SW_Facing,Quick,6802603.712,464742.1041,0,40
FoxLake,SW_Facing,Quick,6802604.018,464587.8181,0,40
FoxLake,NE_Facing,Regen,6802607.116,463654.8402,19,50.26548246
FoxLake,NE_Facing,Quick,6802608.014,463463.8898,2,40
FoxLake,SW_Facing,Quick,6802609.511,464750.2506,0,40
FoxLake,SW_Facing,Quick,6802610.269,464595.6237,0,40
FoxLake,NE_Facing,Quick,6802613.092,463661.0939,7,40
FoxLake,SW_Facing,Quick,6802615.311,464758.3971,0,40
FoxLake,NE_Facing,Quick,6802616.178,463469.6639,1,40
FoxLake,SW_Facing,Quick,6802616.52,464603.4293,2,40
FoxLake,NE_Facing,Quick,6802619.878,463668.4392,6,40
FoxLake,SW_Facing,Quick,6802621.11,464766.5437,0,40
FoxLake,SW_Facing,Quick,6802622.77,464611.2349,0,40
FoxLake,NE_Facing,Quick,6802624.343,463475.4381,4,40
FoxLake,SW_Facing,Quick,6802626.91,464774.6902,0,40
FoxLake,SW_Facing,Quick,6802629.021,464619.0404,0,40
FoxLake,NE_Facing,Regen,6802632.247,463482.4426,4,50.0144692
FoxLake,SW_Facing,Quick,6802632.709,464782.8367,0,40
FoxLake,SW_Facing,Regen,6802634.254,464626.1086,0,50.0144692
FoxLake,SW_Facing,Quick,6802638.509,464790.9833,1,40
FoxLake,SW_Facing,Quick,6802640.075,464631.9308,0,40
FoxLake,NE_Facing,Quick,6802642.032,463481.5856,3,40
FoxLake,SW_Facing,Quick,6802644.308,464799.1298,0,40
FoxLake,SW_Facing,Quick,6802646.868,464639.2701,0,40
FoxLake,NE_Facing,Quick,6802647.021,463697.8201,3,40
FoxLake,SW_Facing,Quick,6802650.108,464807.2763,0,40
FoxLake,NE_Facing,Quick,6802652.032,463481.5881,1,40
FoxLake,SW_Facing,Quick,6802653.66,464646.6093,0,40
FoxLake,NE_Facing,Quick,6802653.807,463705.1654,2,40
FoxLake,SW_Facing,Quick,6802655.907,464815.4229,0,40
FoxLake,SW_Facing,Quick,6802660.452,464653.9486,0,40
FoxLake,NE_Facing,Quick,6802660.592,463712.5106,0,40
FoxLake,SW_Facing,Quick,6802661.707,464823.5694,0,40
FoxLake,NE_Facing,Quick,6802662.032,463481.5907,8,40
FoxLake,SW_Facing,Quick,6802667.244,464661.2879,1,40
FoxLake,NE_Facing,Quick,6802667.378,463719.8559,0,40
FoxLake,SW_Facing,Quick,6802667.506,464831.7159,0,40
FoxLake,NE_Facing,Quick,6802669.846,463808.3915,0,40
FoxLake,NE_Facing,Quick,6802670.681,463798.4264,1,40
FoxLake,NE_Facing,Quick,6802671.516,463788.4613,2,40
FoxLake,NE_Facing,Quick,6802672.351,463778.4962,10,40
FoxLake,NE_Facing,Quick,6802673.186,463768.5311,6,40
FoxLake,SW_Facing,Quick,6802673.306,464839.8625,0,40
FoxLake,NE_Facing,Quick,6802674.021,463758.5661,2,40
FoxLake,SW_Facing,Quick,6802674.037,464668.6271,0,40
FoxLake,NE_Facing,Quick,6802674.164,463727.2011,0,40
FoxLake,NE_Facing,Quick,6802674.856,463748.601,0,40
FoxLake,NE_Facing,Quick,6802675.691,463738.6359,0,40
FoxLake,NE_Facing,Regen,6802676.544,463729.7914,0,50.26548246
FoxLake,NE_Facing,Regen,6802676.594,463480.3243,0,50.0144692
FoxLake,SW_Facing,Quick,6802679.105,464848.009,0,40
FoxLake,SW_Facing,Quick,6802680.829,464675.9664,0,40
FoxLake,SW_Facing,Quick,6802687.621,464683.3056,0,40
FoxLake,SW_Facing,Quick,6802694.414,464690.6449,0,40
FoxLake,SW_Facing,Quick,6802701.206,464697.9841,0,40
FoxLake,SW_Facing,Quick,6802707.998,464705.3234,0,40
FoxLake,SW_Facing,Quick,6802714.791,464712.6626,0,40
FoxLake,SW_Facing,Quick,6802721.583,464720.0019,0,40
FoxLake,SW_Facing,Quick,6802728.375,464727.3411,1,40
FoxLake,SW_Facing,Quick,6802735.167,464734.6804,0,40
FoxLake,SW_Facing,Regen,6802741.146,464738.9154,2,50.0144692
FoxLake,SW_Facing,Regen,6802744.33,464939.0293,0,50.0144692
FoxLake,SW_Facing,Quick,6802746.434,464739.7493,0,40
FoxLake,SW_Facing,Quick,6802746.612,464948.8289,0,40
FoxLake,SW_Facing,Quick,6802748.815,464958.5832,0,40
FoxLake,SW_Facing,Quick,6802751.018,464968.3375,0,40
FoxLake,SW_Facing,Quick,6802753.221,464978.0917,0,40
FoxLake,SW_Facing,Quick,6802755.424,464987.846,0,40
FoxLake,SW_Facing,Quick,6802756.018,464736.8924,1,40
FoxLake,SW_Facing,Quick,6802757.628,464997.6003,2,40
FoxLake,SW_Facing,Quick,6802759.831,465007.3546,0,40
FoxLake,SW_Facing,Quick,6802762.034,465017.1088,0,40
FoxLake,SW_Facing,Quick,6802764.237,465026.8631,0,40
FoxLake,SW_Facing,Quick,6802765.601,464734.0356,0,40
FoxLake,SW_Facing,Quick,6802766.44,465036.6174,0,40
FoxLake,SW_Facing,Quick,6802768.644,465046.3717,1,40
FoxLake,SW_Facing,Quick,6802770.847,465056.126,2,40
FoxLake,SW_Facing,Regen,6802774.185,465065.3647,0,50.0144692
FoxLake,SW_Facing,Quick,6802774.635,465073.7505,0,40
FoxLake,SW_Facing,Quick,6802775.184,464731.1787,0,40
FoxLake,SW_Facing,Quick,6802776.633,465083.5488,0,40
FoxLake,SW_Facing,Quick,6802778.632,465093.347,0,40
FoxLake,SW_Facing,Quick,6802780.631,465103.1452,0,40
FoxLake,SW_Facing,Quick,6802782.629,465112.9435,0,40
FoxLake,SW_Facing,Quick,6802784.628,465122.7417,0,40
FoxLake,SW_Facing,Quick,6802784.767,464728.3218,0,40
FoxLake,SW_Facing,Quick,6802786.627,465132.54,0,40
FoxLake,SW_Facing,Quick,6802788.625,465142.3382,0,40
FoxLake,SW_Facing,Quick,6802790.624,465152.1364,0,40
FoxLake,SW_Facing,Quick,6802792.623,465161.9347,0,40
FoxLake,SW_Facing,Quick,6802794.351,464725.465,0,40
FoxLake,SW_Facing,Quick,6802794.621,465171.7329,0,40
FoxLake,SW_Facing,Quick,6802796.62,465181.5311,0,40
FoxLake,SW_Facing,Quick,6802798.618,465191.3294,0,40
FoxLake,SW_Facing,Quick,6802800.617,465201.1276,0,40
FoxLake,SW_Facing,Quick,6802802.616,465210.9258,0,40
FoxLake,SW_Facing,Quick,6802803.934,464722.6081,0,40
FoxLake,SW_Facing,Quick,6802804.614,465220.7241,1,40
FoxLake,SW_Facing,Quick,6802806.613,465230.5223,0,40
FoxLake,SW_Facing,Quick,6802808.612,465240.3205,1,40
FoxLake,SW_Facing,Quick,6802810.61,465250.1188,0,40
FoxLake,SW_Facing,Quick,6802813.517,464719.7513,0,40
FoxLake,SW_Facing,Quick,6802817.587,465247.6572,0,40
FoxLake,SW_Facing,Quick,6802823.1,464716.8944,0,40
FoxLake,SW_Facing,Quick,6802824.404,465240.3413,0,40
FoxLake,SW_Facing,Quick,6802831.222,465233.0253,0,40
FoxLake,SW_Facing,Quick,6802832.684,464714.0376,0,40
FoxLake,SW_Facing,Quick,6802838.039,465225.7094,2,40
FoxLake,NE_Facing,Regen,6802840.331,463745.831,11,50.26548246
FoxLake,SW_Facing,Quick,6802842.267,464711.1807,0,40
FoxLake,SW_Facing,Quick,6802844.857,465218.3935,9,40
FoxLake,NE_Facing,Quick,6802847,463738.8724,12,40
FoxLake,SW_Facing,Quick,6802851.674,465211.0776,7,40
FoxLake,SW_Facing,Quick,6802851.85,464708.3239,0,40
FoxLake,NE_Facing,Quick,6802853.906,463731.6405,5,40
FoxLake,SW_Facing,Quick,6802856.96,465197.4321,2,40
FoxLake,SW_Facing,Quick,6802857.975,465187.4837,5,40
FoxLake,SW_Facing,Quick,6802858.989,465177.5353,0,40
FoxLake,SW_Facing,Quick,6802860.004,465167.5869,1,40
FoxLake,SW_Facing,Regen,6802860.475,464705.7527,0,50.0144692
FoxLake,SW_Facing,Quick,6802861.019,465157.6385,0,40
FoxLake,SW_Facing,Quick,6802862.034,465147.6902,1,40
FoxLake,SW_Facing,Quick,6802863.048,465137.7418,0,40
FoxLake,SW_Facing,Regen,6802863.587,465131.9199,8,50.0144692
FoxLake,NE_Facing,Quick,6802867.719,463717.1767,3,40
FoxLake,SW_Facing,Quick,6802869.234,465123.8697,2,40
FoxLake,NE_Facing,Quick,6802874.626,463709.9447,1,40
FoxLake,SW_Facing,Quick,6802875.342,465115.9519,0,40
FoxLake,NE_Facing,Regen,6802880.347,463704.8428,4,50.26548246
FoxLake,SW_Facing,Quick,6802881.45,465108.0341,0,40
FoxLake,SW_Facing,Quick,6802887.558,465100.1163,1,40
FoxLake,NE_Facing,Quick,6802887.766,463698.5438,1,40
FoxLake,SW_Facing,Quick,6802892.457,465038.159,1,40
FoxLake,SW_Facing,Quick,6802893.542,465048.0999,2,40
FoxLake,SW_Facing,Quick,6802893.666,465092.1986,1,40
FoxLake,SW_Facing,Quick,6802894.628,465058.0408,0,40
FoxLake,SW_Facing,Quick,6802895.714,465067.9817,1,40
FoxLake,NE_Facing,Quick,6802895.867,463692.6814,3,40
FoxLake,SW_Facing,Quick,6802896.8,465077.9225,0,40
FoxLake,NE_Facing,Quick,6802903.969,463686.819,5,40
FoxLake,NE_Facing,Quick,6802912.07,463680.9566,0,40
FoxLake,NE_Facing,Quick,6802920.171,463675.0941,0,40
FoxLake,SW_Facing,Regen,6802926.644,464497.2933,0,50.26548246
FoxLake,NE_Facing,Quick,6802928.273,463669.2317,4,40
FoxLake,SW_Facing,Quick,6802929.159,464488.7662,0,40
FoxLake,SW_Facing,Quick,6802932.813,464479.4578,0,40
FoxLake,NE_Facing,Quick,6802936.374,463663.3693,5,40
FoxLake,SW_Facing,Quick,6802936.468,464470.1494,0,40
FoxLake,SW_Facing,Quick,6802940.122,464460.8411,0,40
FoxLake,SW_Facing,Quick,6802943.776,464451.5327,0,40
FoxLake,NE_Facing,Quick,6802944.475,463657.5069,0,40
FoxLake,SW_Facing,Quick,6802947.431,464442.2243,0,40
FoxLake,SW_Facing,Quick,6802951.085,464432.916,0,40
FoxLake,NE_Facing,Quick,6802952.577,463651.6445,1,40
FoxLake,SW_Facing,Regen,6802952.68,464429.9405,0,50.26548246
FoxLake,SW_Facing,Quick,6802960.659,464431.8697,0,40
FoxLake,NE_Facing,Quick,6802960.678,463645.782,4,40
FoxLake,NE_Facing,Quick,6802968.78,463639.9196,0,40
FoxLake,SW_Facing,Quick,6802970.647,464432.364,0,40
FoxLake,NE_Facing,Quick,6802976.881,463634.0572,3,40
FoxLake,SW_Facing,Quick,6802980.635,464432.8582,0,40
FoxLake,NE_Facing,Quick,6802984.982,463628.1948,1,40
FoxLake,SW_Facing,Regen,6802989.536,465068.5464,1,50.0144692
FoxLake,SW_Facing,Quick,6802990.623,464433.3525,0,40
FoxLake,NE_Facing,Quick,6802993.084,463622.3323,2,40
FoxLake,SW_Facing,Quick,6803000.61,464433.8467,0,40
FoxLake,NE_Facing,Quick,6803001.185,463616.4699,0,40
FoxLake,NE_Facing,Quick,6803009.286,463610.6075,0,40
FoxLake,SW_Facing,Quick,6803010.598,464434.341,0,40
FoxLake,NE_Facing,Quick,6803017.388,463604.7451,2,40
FoxLake,SW_Facing,Quick,6803020.586,464434.8352,0,40
FoxLake,NE_Facing,Quick,6803025.489,463598.8827,1,40
FoxLake,SW_Facing,Quick,6803030.574,464435.3295,1,40
FoxLake,NE_Facing,Quick,6803033.59,463593.0202,1,40
FoxLake,NE_Facing,Regen,6803035.197,463591.8248,3,50.26548246
FoxLake,SW_Facing,Quick,6803040.562,464435.8238,0,40
FoxLake,NE_Facing,Quick,6803040.923,463585.1058,1,40
FoxLake,NE_Facing,Quick,6803041.692,463587.1578,2,40
FoxLake,NE_Facing,Quick,6803047.421,463577.505,0,40
FoxLake,SW_Facing,Quick,6803050.549,464436.318,0,40
FoxLake,NE_Facing,Quick,6803053.919,463569.9043,0,40
FoxLake,NE_Facing,Quick,6803060.418,463562.3035,0,40
FoxLake,SW_Facing,Quick,6803060.537,464436.8123,0,40
FoxLake,NE_Facing,Quick,6803066.916,463554.7028,0,40
FoxLake,SW_Facing,Quick,6803070.525,464437.3065,0,40
FoxLake,NE_Facing,Regen,6803071.951,463548.6141,2,50.26548246
FoxLake,SW_Facing,Quick,6803080.513,464437.8008,0,40
FoxLake,SW_Facing,Regen,6803090.472,464438.0344,1,50.26548246
FoxLake,SW_Facing,Quick,6803090.5,464438.295,0,40
FoxLake,SW_Facing,Quick,6803091.094,464429.314,0,40
FoxLake,SW_Facing,Quick,6803091.706,464419.3327,1,40
FoxLake,SW_Facing,Quick,6803092.318,464409.3515,0,40
FoxLake,SW_Facing,Quick,6803092.93,464399.3702,0,40
FoxLake,SW_Facing,Quick,6803093.542,464389.3889,0,40
FoxLake,SW_Facing,Quick,6803094.765,464369.4264,0,40
FoxLake,SW_Facing,Regen,6803095.155,464374.3763,0,50.26548246
FoxLake,SW_Facing,Quick,6803095.377,464359.4452,0,40
FoxLake,SW_Facing,Quick,6803100.488,464438.7893,1,40
FoxLake,SW_Facing,Quick,6803102.374,464369.9472,0,40
FoxLake,SW_Facing,Quick,6803111.156,464365.1645,0,40
FoxLake,SW_Facing,Quick,6803119.938,464360.3818,1,40
FoxLake,SW_Facing,Regen,6803124.047,465146.1486,14,50.0144692
FoxLake,SW_Facing,Quick,6803128.72,464355.5991,2,40
FoxLake,SW_Facing,Quick,6803129.835,465153.0408,4,40
FoxLake,SW_Facing,Quick,6803136.266,465160.6987,0,40
FoxLake,SW_Facing,Quick,6803137.502,464350.8164,0,40
FoxLake,SW_Facing,Quick,6803142.697,465168.3567,6,40
FoxLake,SW_Facing,Quick,6803146.284,464346.0337,0,40
FoxLake,SW_Facing,Quick,6803149.128,465176.0146,0,40
FoxLake,SW_Facing,Quick,6803155.066,464341.251,0,40
FoxLake,SW_Facing,Quick,6803155.559,465183.6726,0,40
FoxLake,SW_Facing,Quick,6803161.989,465191.3306,0,40
FoxLake,SW_Facing,Quick,6803163.848,464336.4683,0,40
FoxLake,SW_Facing,Quick,6803168.42,465198.9885,0,40
FoxLake,SW_Facing,Quick,6803172.631,464331.6856,0,40
FoxLake,SW_Facing,Quick,6803174.851,465206.6465,2,40
FoxLake,SW_Facing,Regen,6803177.025,465033.413,1,50.0144692
FoxLake,SW_Facing,Quick,6803177.445,465041.7248,1,40
FoxLake,SW_Facing,Quick,6803177.95,465051.7121,0,40
FoxLake,SW_Facing,Quick,6803178.455,465061.6993,0,40
FoxLake,SW_Facing,Quick,6803178.96,465071.6866,0,40
FoxLake,SW_Facing,Quick,6803179.465,465081.6738,0,40
FoxLake,SW_Facing,Quick,6803179.969,465091.6611,0,40
FoxLake,SW_Facing,Quick,6803180.474,465101.6483,0,40
FoxLake,SW_Facing,Quick,6803180.979,465111.6356,0,40
FoxLake,SW_Facing,Quick,6803181.282,465214.3045,1,40
FoxLake,SW_Facing,Quick,6803181.413,464326.9029,0,40
FoxLake,SW_Facing,Quick,6803181.484,465121.6228,5,40
FoxLake,SW_Facing,Quick,6803181.989,465131.6101,3,40
FoxLake,SW_Facing,Quick,6803182.494,465141.5973,0,40
FoxLake,SW_Facing,Quick,6803182.998,465151.5846,2,40
FoxLake,SW_Facing,Quick,6803183.503,465161.5718,2,40
FoxLake,SW_Facing,Quick,6803184.008,465171.5591,1,40
FoxLake,SW_Facing,Quick,6803184.513,465181.5463,0,40
FoxLake,SW_Facing,Quick,6803185.018,465191.5336,0,40
FoxLake,SW_Facing,Quick,6803185.523,465201.5208,1,40
FoxLake,SW_Facing,Quick,6803186.027,465211.5081,0,40
FoxLake,SW_Facing,Regen,6803186.992,465219.9169,4,50.0144692
FoxLake,SW_Facing,Regen,6803188.181,464323.2363,3,50.26548246
FoxLake,SW_Facing,Quick,6803188.887,464314.2214,0,40
FoxLake,SW_Facing,Quick,6803189.629,464304.249,1,40
FoxLake,SW_Facing,Quick,6803190.195,464322.1202,2,40
FoxLake,SW_Facing,Quick,6803190.371,464294.2766,0,40
FoxLake,SW_Facing,Regen,6803190.819,464285.3017,0,50.26548246
FoxLake,SW_Facing,Quick,6803191.114,464284.3042,0,40
FoxLake,SW_Facing,Quick,6803198.216,464279.7268,0,40
FoxLake,SW_Facing,Quick,6803198.977,464317.3375,2,40
FoxLake,SW_Facing,Quick,6803206.18,464273.6783,0,40
FoxLake,SW_Facing,Quick,6803214.143,464267.6298,0,40
FoxLake,SW_Facing,Quick,6803222.106,464261.5813,2,40
FoxLake,SW_Facing,Quick,6803230.07,464255.5328,1,40
FoxLake,SW_Facing,Regen,6803235.498,464250.6266,2,50.26548246
FoxLake,SW_Facing,Quick,6803238.033,464249.4844,2,40
FoxLake,SW_Facing,Quick,6803239.897,464243.2024,1,40
FoxLake,SW_Facing,Quick,6803244.48,464234.3143,9,40
FoxLake,SW_Facing,Quick,6803249.063,464225.4263,10,40
FoxLake,SW_Facing,Quick,6803253.645,464216.5382,50,40
FoxLake,SW_Facing,Quick,6803281.143,464163.21,0,40
FoxLake,SW_Facing,Quick,6803285.726,464154.3219,1,40
FoxLake,SW_Facing,Regen,6803292.765,464141.3264,2,50.26548246
FoxLake,SW_Facing,Regen,6803470.447,464325.0199,3,50.26548246
FoxLake,SW_Facing,Regen,6803496.175,464230.7163,0,50.26548246
FoxLake,SW_Facing,Quick,6803499.885,464222.5139,0,40
FoxLake,SW_Facing,Quick,6803504.518,464213.652,1,40
FoxLake,SW_Facing,Quick,6803527.684,464169.3424,0,40
FoxLake,SW_Facing,Quick,6803532.318,464160.4805,2,40
FoxLake,SW_Facing,Quick,6803536.946,464360.2674,0,40
FoxLake,SW_Facing,Quick,6803536.951,464151.6186,1,40
FoxLake,SW_Facing,Regen,6803539.809,464359.3502,8,50.26548246
FoxLake,SW_Facing,Quick,6803541.584,464142.7567,0,40
FoxLake,SW_Facing,Quick,6803546.072,464356.1788,0,40
FoxLake,SW_Facing,Quick,6803546.217,464133.8948,0,40
FoxLake,SW_Facing,Regen,6803546.763,464129.9644,1,50.26548246
FoxLake,SW_Facing,Quick,6803573.45,464343.9129,0,40
FoxLake,SW_Facing,Quick,6803582.576,464339.8242,0,40
FoxLake,SW_Facing,Quick,6803591.701,464335.7356,0,40
FoxLake,SW_Facing,Regen,6803598.131,464087.8193,7,50.26548246
FoxLake,SW_Facing,Quick,6803600.827,464331.647,0,40
FoxLake,SW_Facing,Quick,6803600.906,464095.6391,1,40
FoxLake,SW_Facing,Quick,6803604.272,464105.0555,0,40
FoxLake,SW_Facing,Quick,6803607.639,464114.4718,1,40
FoxLake,SW_Facing,Regen,6803609.739,464254.989,8,50.26548246
FoxLake,SW_Facing,Quick,6803609.953,464327.5583,0,40
FoxLake,SW_Facing,Quick,6803611.005,464123.8882,1,40
FoxLake,SW_Facing,Quick,6803614.371,464133.3045,0,40
FoxLake,SW_Facing,Quick,6803617.738,464142.7209,1,40
FoxLake,SW_Facing,Quick,6803619.079,464323.4697,0,40
FoxLake,SW_Facing,Quick,6803621.104,464152.1372,5,40
FoxLake,SW_Facing,Regen,6803624.154,464158.6379,0,50.26548246
FoxLake,SW_Facing,Quick,6803624.47,464161.5536,1,40
FoxLake,SW_Facing,Regen,6803628.313,464319.5705,13,50.26548246
